id,page_image_name,page_txt_name,download_source
1,item-09-general-william-holmes-notebook-ca-1914-page-9.jpg,item-09-general-william-holmes-notebook-ca-1914-page-9.txt,https://transcripts.sl.nsw.gov.au/page/item-09-general-william-holmes-notebook-ca-1914-page-9
2,item-09-general-william-holmes-notebook-ca-1914-page-6.jpg,item-09-general-william-holmes-notebook-ca-1914-page-6.txt,https://transcripts.sl.nsw.gov.au/page/item-09-general-william-holmes-notebook-ca-1914-page-6
3,item-09-general-william-holmes-notebook-ca-1914-page-7.jpg,item-09-general-william-holmes-notebook-ca-1914-page-7.txt,https://transcripts.sl.nsw.gov.au/page/item-09-general-william-holmes-notebook-ca-1914-page-7
4,item-09-general-william-holmes-notebook-ca-1914-page-4.jpg,item-09-general-william-holmes-notebook-ca-1914-page-4.txt,https://transcripts.sl.nsw.gov.au/page/item-09-general-william-holmes-notebook-ca-1914-page-4
5,item-04-fred-harold-tomlins-war-diary-19-december-1915-18-march-1916-page-11.jpg,item-04-fred-harold-tomlins-war-diary-19-december-1915-18-march-1916-page-11.txt,https://transcripts.sl.nsw.gov.au/page/item-04-fred-harold-tomlins-war-diary-19-december-1915-18-march-1916-page-11
6,item-04-fred-harold-tomlins-war-diary-19-december-1915-18-march-1916-page-10.jpg,item-04-fred-harold-tomlins-war-diary-19-december-1915-18-march-1916-page-10.txt,https://transcripts.sl.nsw.gov.au/page/item-04-fred-harold-tomlins-war-diary-19-december-1915-18-march-1916-page-10
7,item-04-fred-harold-tomlins-war-diary-19-december-1915-18-march-1916-page-100.jpg,item-04-fred-harold-tomlins-war-diary-19-december-1915-18-march-1916-page-100.txt,https://transcripts.sl.nsw.gov.au/page/item-04-fred-harold-tomlins-war-diary-19-december-1915-18-march-1916-page-100
8,item-04-fred-harold-tomlins-war-diary-19-december-1915-18-march-1916-page-16.jpg,item-04-fred-harold-tomlins-war-diary-19-december-1915-18-march-1916-page-16.txt,https://transcripts.sl.nsw.gov.au/page/item-04-fred-harold-tomlins-war-diary-19-december-1915-18-march-1916-page-16
9,item-04-fred-harold-tomlins-war-diary-19-december-1915-18-march-1916-page-12.jpg,item-04-fred-harold-tomlins-war-diary-19-december-1915-18-march-1916-page-12.txt,https://transcripts.sl.nsw.gov.au/page/item-04-fred-harold-tomlins-war-diary-19-december-1915-18-march-1916-page-12
10,item-04-fred-harold-tomlins-war-diary-19-december-1915-18-march-1916-page-15.jpg,item-04-fred-harold-tomlins-war-diary-19-december-1915-18-march-1916-page-15.txt,https://transcripts.sl.nsw.gov.au/page/item-04-fred-harold-tomlins-war-diary-19-december-1915-18-march-1916-page-15
11,item-02-oliver-l-s-holt-diary-1-january-1916-23-august-1916-page-102.jpg,item-02-oliver-l-s-holt-diary-1-january-1916-23-august-1916-page-102.txt,https://transcripts.sl.nsw.gov.au/page/item-02-oliver-l-s-holt-diary-1-january-1916-23-august-1916-page-102
12,item-02-oliver-l-s-holt-diary-1-january-1916-23-august-1916-page-100.jpg,item-02-oliver-l-s-holt-diary-1-january-1916-23-august-1916-page-100.txt,https://transcripts.sl.nsw.gov.au/page/item-02-oliver-l-s-holt-diary-1-january-1916-23-august-1916-page-100
13,item-02-oliver-l-s-holt-diary-1-january-1916-23-august-1916-page-105.jpg,item-02-oliver-l-s-holt-diary-1-january-1916-23-august-1916-page-105.txt,https://transcripts.sl.nsw.gov.au/page/item-02-oliver-l-s-holt-diary-1-january-1916-23-august-1916-page-105
14,item-02-oliver-l-s-holt-diary-1-january-1916-23-august-1916-page-10.jpg,item-02-oliver-l-s-holt-diary-1-january-1916-23-august-1916-page-10.txt,https://transcripts.sl.nsw.gov.au/page/item-02-oliver-l-s-holt-diary-1-january-1916-23-august-1916-page-10
15,item-02-oliver-l-s-holt-diary-1-january-1916-23-august-1916-page-103.jpg,item-02-oliver-l-s-holt-diary-1-january-1916-23-august-1916-page-103.txt,https://transcripts.sl.nsw.gov.au/page/item-02-oliver-l-s-holt-diary-1-january-1916-23-august-1916-page-103
16,item-02-oliver-l-s-holt-diary-1-january-1916-23-august-1916-page-104.jpg,item-02-oliver-l-s-holt-diary-1-january-1916-23-august-1916-page-104.txt,https://transcripts.sl.nsw.gov.au/page/item-02-oliver-l-s-holt-diary-1-january-1916-23-august-1916-page-104
17,item-02-letters-riddiford-oakley-waterhouse-family-22-july-1915-6-november-1917-page-15.jpg,item-02-letters-riddiford-oakley-waterhouse-family-22-july-1915-6-november-1917-page-15.txt,https://transcripts.sl.nsw.gov.au/page/item-02-letters-riddiford-oakley-waterhouse-family-22-july-1915-6-november-1917-page-15
18,item-02-letters-riddiford-oakley-waterhouse-family-22-july-1915-6-november-1917-page-1.jpg,item-02-letters-riddiford-oakley-waterhouse-family-22-july-1915-6-november-1917-page-1.txt,https://transcripts.sl.nsw.gov.au/page/item-02-letters-riddiford-oakley-waterhouse-family-22-july-1915-6-november-1917-page-1
19,item-02-letters-riddiford-oakley-waterhouse-family-22-july-1915-6-november-1917-page-10.jpg,item-02-letters-riddiford-oakley-waterhouse-family-22-july-1915-6-november-1917-page-10.txt,https://transcripts.sl.nsw.gov.au/page/item-02-letters-riddiford-oakley-waterhouse-family-22-july-1915-6-november-1917-page-10
20,item-02-letters-riddiford-oakley-waterhouse-family-22-july-1915-6-november-1917-page-14.jpg,item-02-letters-riddiford-oakley-waterhouse-family-22-july-1915-6-november-1917-page-14.txt,https://transcripts.sl.nsw.gov.au/page/item-02-letters-riddiford-oakley-waterhouse-family-22-july-1915-6-november-1917-page-14
21,item-02-letters-riddiford-oakley-waterhouse-family-22-july-1915-6-november-1917-page-12.jpg,item-02-letters-riddiford-oakley-waterhouse-family-22-july-1915-6-november-1917-page-12.txt,https://transcripts.sl.nsw.gov.au/page/item-02-letters-riddiford-oakley-waterhouse-family-22-july-1915-6-november-1917-page-12
22,item-02-letters-riddiford-oakley-waterhouse-family-22-july-1915-6-november-1917-page-16.jpg,item-02-letters-riddiford-oakley-waterhouse-family-22-july-1915-6-november-1917-page-16.txt,https://transcripts.sl.nsw.gov.au/page/item-02-letters-riddiford-oakley-waterhouse-family-22-july-1915-6-november-1917-page-16
23,item-05-john-joyce-miscellaneous-papers-ca-1916-page-4.jpg,item-05-john-joyce-miscellaneous-papers-ca-1916-page-4.txt,https://transcripts.sl.nsw.gov.au/page/item-05-john-joyce-miscellaneous-papers-ca-1916-page-4
24,item-05-john-joyce-miscellaneous-papers-ca-1916-page-2.jpg,item-05-john-joyce-miscellaneous-papers-ca-1916-page-2.txt,https://transcripts.sl.nsw.gov.au/page/item-05-john-joyce-miscellaneous-papers-ca-1916-page-2
25,item-05-john-joyce-miscellaneous-papers-ca-1916-page-3.jpg,item-05-john-joyce-miscellaneous-papers-ca-1916-page-3.txt,https://transcripts.sl.nsw.gov.au/page/item-05-john-joyce-miscellaneous-papers-ca-1916-page-3
26,item-06-oliver-l-s-holt-diary-5-january-8-april-1918-page-100.jpg,item-06-oliver-l-s-holt-diary-5-january-8-april-1918-page-100.txt,https://transcripts.sl.nsw.gov.au/page/item-06-oliver-l-s-holt-diary-5-january-8-april-1918-page-100
27,item-06-oliver-l-s-holt-diary-5-january-8-april-1918-page-103.jpg,item-06-oliver-l-s-holt-diary-5-january-8-april-1918-page-103.txt,https://transcripts.sl.nsw.gov.au/page/item-06-oliver-l-s-holt-diary-5-january-8-april-1918-page-103
28,item-06-oliver-l-s-holt-diary-5-january-8-april-1918-page-10.jpg,item-06-oliver-l-s-holt-diary-5-january-8-april-1918-page-10.txt,https://transcripts.sl.nsw.gov.au/page/item-06-oliver-l-s-holt-diary-5-january-8-april-1918-page-10
29,item-06-oliver-l-s-holt-diary-5-january-8-april-1918-page-105.jpg,item-06-oliver-l-s-holt-diary-5-january-8-april-1918-page-105.txt,https://transcripts.sl.nsw.gov.au/page/item-06-oliver-l-s-holt-diary-5-january-8-april-1918-page-105
30,item-06-oliver-l-s-holt-diary-5-january-8-april-1918-page-102.jpg,item-06-oliver-l-s-holt-diary-5-january-8-april-1918-page-102.txt,https://transcripts.sl.nsw.gov.au/page/item-06-oliver-l-s-holt-diary-5-january-8-april-1918-page-102
31,item-06-oliver-l-s-holt-diary-5-january-8-april-1918-page-104.jpg,item-06-oliver-l-s-holt-diary-5-january-8-april-1918-page-104.txt,https://transcripts.sl.nsw.gov.au/page/item-06-oliver-l-s-holt-diary-5-january-8-april-1918-page-104
32,laseron-diary-december-23-1914-april-29-1915-charles-francis-laseron-page-100.jpg,laseron-diary-december-23-1914-april-29-1915-charles-francis-laseron-page-100.txt,https://transcripts.sl.nsw.gov.au/page/laseron-diary-december-23-1914-april-29-1915-charles-francis-laseron-page-100
33,laseron-diary-december-23-1914-april-29-1915-charles-francis-laseron-page-102.jpg,laseron-diary-december-23-1914-april-29-1915-charles-francis-laseron-page-102.txt,https://transcripts.sl.nsw.gov.au/page/laseron-diary-december-23-1914-april-29-1915-charles-francis-laseron-page-102
34,laseron-diary-december-23-1914-april-29-1915-charles-francis-laseron-page-104.jpg,laseron-diary-december-23-1914-april-29-1915-charles-francis-laseron-page-104.txt,https://transcripts.sl.nsw.gov.au/page/laseron-diary-december-23-1914-april-29-1915-charles-francis-laseron-page-104
35,laseron-diary-december-23-1914-april-29-1915-charles-francis-laseron-page-105.jpg,laseron-diary-december-23-1914-april-29-1915-charles-francis-laseron-page-105.txt,https://transcripts.sl.nsw.gov.au/page/laseron-diary-december-23-1914-april-29-1915-charles-francis-laseron-page-105
36,laseron-diary-december-23-1914-april-29-1915-charles-francis-laseron-page-101.jpg,laseron-diary-december-23-1914-april-29-1915-charles-francis-laseron-page-101.txt,https://transcripts.sl.nsw.gov.au/page/laseron-diary-december-23-1914-april-29-1915-charles-francis-laseron-page-101
37,laseron-diary-december-23-1914-april-29-1915-charles-francis-laseron-page-103.jpg,laseron-diary-december-23-1914-april-29-1915-charles-francis-laseron-page-103.txt,https://transcripts.sl.nsw.gov.au/page/laseron-diary-december-23-1914-april-29-1915-charles-francis-laseron-page-103
38,item-01-arthur-john-moore-burrowes-letters-and-postcards-his-family-26-january-1918-15-103.jpg,item-01-arthur-john-moore-burrowes-letters-and-postcards-his-family-26-january-1918-15-103.txt,https://transcripts.sl.nsw.gov.au/page/item-01-arthur-john-moore-burrowes-letters-and-postcards-his-family-26-january-1918-15-103
39,item-01-arthur-john-moore-burrowes-letters-and-postcards-his-family-26-january-1918-15-101.jpg,item-01-arthur-john-moore-burrowes-letters-and-postcards-his-family-26-january-1918-15-101.txt,https://transcripts.sl.nsw.gov.au/page/item-01-arthur-john-moore-burrowes-letters-and-postcards-his-family-26-january-1918-15-101
40,item-01-arthur-john-moore-burrowes-letters-and-postcards-his-family-26-january-1918-15-102.jpg,item-01-arthur-john-moore-burrowes-letters-and-postcards-his-family-26-january-1918-15-102.txt,https://transcripts.sl.nsw.gov.au/page/item-01-arthur-john-moore-burrowes-letters-and-postcards-his-family-26-january-1918-15-102
41,item-01-arthur-john-moore-burrowes-letters-and-postcards-his-family-26-january-1918-15-98.jpg,item-01-arthur-john-moore-burrowes-letters-and-postcards-his-family-26-january-1918-15-98.txt,https://transcripts.sl.nsw.gov.au/page/item-01-arthur-john-moore-burrowes-letters-and-postcards-his-family-26-january-1918-15-98
42,item-01-arthur-john-moore-burrowes-letters-and-postcards-his-family-26-january-1918-15-99.jpg,item-01-arthur-john-moore-burrowes-letters-and-postcards-his-family-26-january-1918-15-99.txt,https://transcripts.sl.nsw.gov.au/page/item-01-arthur-john-moore-burrowes-letters-and-postcards-his-family-26-january-1918-15-99
43,item-01-arthur-john-moore-burrowes-letters-and-postcards-his-family-26-january-1918-15-100.jpg,item-01-arthur-john-moore-burrowes-letters-and-postcards-his-family-26-january-1918-15-100.txt,https://transcripts.sl.nsw.gov.au/page/item-01-arthur-john-moore-burrowes-letters-and-postcards-his-family-26-january-1918-15-100
44,item-02-james-william-dains-diary-25-june-1917-2-march-1918-page-105.jpg,item-02-james-william-dains-diary-25-june-1917-2-march-1918-page-105.txt,https://transcripts.sl.nsw.gov.au/page/item-02-james-william-dains-diary-25-june-1917-2-march-1918-page-105
45,item-02-james-william-dains-diary-25-june-1917-2-march-1918-page-100.jpg,item-02-james-william-dains-diary-25-june-1917-2-march-1918-page-100.txt,https://transcripts.sl.nsw.gov.au/page/item-02-james-william-dains-diary-25-june-1917-2-march-1918-page-100
46,item-02-james-william-dains-diary-25-june-1917-2-march-1918-page-101.jpg,item-02-james-william-dains-diary-25-june-1917-2-march-1918-page-101.txt,https://transcripts.sl.nsw.gov.au/page/item-02-james-william-dains-diary-25-june-1917-2-march-1918-page-101
47,item-02-james-william-dains-diary-25-june-1917-2-march-1918-page-10.jpg,item-02-james-william-dains-diary-25-june-1917-2-march-1918-page-10.txt,https://transcripts.sl.nsw.gov.au/page/item-02-james-william-dains-diary-25-june-1917-2-march-1918-page-10
48,item-02-james-william-dains-diary-25-june-1917-2-march-1918-page-104.jpg,item-02-james-william-dains-diary-25-june-1917-2-march-1918-page-104.txt,https://transcripts.sl.nsw.gov.au/page/item-02-james-william-dains-diary-25-june-1917-2-march-1918-page-104
49,item-02-james-william-dains-diary-25-june-1917-2-march-1918-page-102.jpg,item-02-james-william-dains-diary-25-june-1917-2-march-1918-page-102.txt,https://transcripts.sl.nsw.gov.au/page/item-02-james-william-dains-diary-25-june-1917-2-march-1918-page-102
50,gillett-war-narrative-6-march-1916-30-july-1920-walter-edward-gillett-page-104.jpg,gillett-war-narrative-6-march-1916-30-july-1920-walter-edward-gillett-page-104.txt,https://transcripts.sl.nsw.gov.au/page/gillett-war-narrative-6-march-1916-30-july-1920-walter-edward-gillett-page-104
51,gillett-war-narrative-6-march-1916-30-july-1920-walter-edward-gillett-page-102.jpg,gillett-war-narrative-6-march-1916-30-july-1920-walter-edward-gillett-page-102.txt,https://transcripts.sl.nsw.gov.au/page/gillett-war-narrative-6-march-1916-30-july-1920-walter-edward-gillett-page-102
52,gillett-war-narrative-6-march-1916-30-july-1920-walter-edward-gillett-page-100.jpg,gillett-war-narrative-6-march-1916-30-july-1920-walter-edward-gillett-page-100.txt,https://transcripts.sl.nsw.gov.au/page/gillett-war-narrative-6-march-1916-30-july-1920-walter-edward-gillett-page-100
53,gillett-war-narrative-6-march-1916-30-july-1920-walter-edward-gillett-page-10.jpg,gillett-war-narrative-6-march-1916-30-july-1920-walter-edward-gillett-page-10.txt,https://transcripts.sl.nsw.gov.au/page/gillett-war-narrative-6-march-1916-30-july-1920-walter-edward-gillett-page-10
54,gillett-war-narrative-6-march-1916-30-july-1920-walter-edward-gillett-page-101.jpg,gillett-war-narrative-6-march-1916-30-july-1920-walter-edward-gillett-page-101.txt,https://transcripts.sl.nsw.gov.au/page/gillett-war-narrative-6-march-1916-30-july-1920-walter-edward-gillett-page-101
55,item-02-arthur-henson-smith-letters-8-january-1917-19-august-1919-page-100.jpg,item-02-arthur-henson-smith-letters-8-january-1917-19-august-1919-page-100.txt,https://transcripts.sl.nsw.gov.au/page/item-02-arthur-henson-smith-letters-8-january-1917-19-august-1919-page-100
56,item-02-arthur-henson-smith-letters-8-january-1917-19-august-1919-page-104.jpg,item-02-arthur-henson-smith-letters-8-january-1917-19-august-1919-page-104.txt,https://transcripts.sl.nsw.gov.au/page/item-02-arthur-henson-smith-letters-8-january-1917-19-august-1919-page-104
57,item-02-arthur-henson-smith-letters-8-january-1917-19-august-1919-page-101.jpg,item-02-arthur-henson-smith-letters-8-january-1917-19-august-1919-page-101.txt,https://transcripts.sl.nsw.gov.au/page/item-02-arthur-henson-smith-letters-8-january-1917-19-august-1919-page-101
58,item-02-arthur-henson-smith-letters-8-january-1917-19-august-1919-page-105.jpg,item-02-arthur-henson-smith-letters-8-january-1917-19-august-1919-page-105.txt,https://transcripts.sl.nsw.gov.au/page/item-02-arthur-henson-smith-letters-8-january-1917-19-august-1919-page-105
59,item-02-arthur-henson-smith-letters-8-january-1917-19-august-1919-page-10.jpg,item-02-arthur-henson-smith-letters-8-january-1917-19-august-1919-page-10.txt,https://transcripts.sl.nsw.gov.au/page/item-02-arthur-henson-smith-letters-8-january-1917-19-august-1919-page-10
60,item-06-thomas-d-munro-war-narrative-18-july-1918-3-march-1919-page-13.jpg,item-06-thomas-d-munro-war-narrative-18-july-1918-3-march-1919-page-13.txt,https://transcripts.sl.nsw.gov.au/page/item-06-thomas-d-munro-war-narrative-18-july-1918-3-march-1919-page-13
61,item-06-thomas-d-munro-war-narrative-18-july-1918-3-march-1919-page-16.jpg,item-06-thomas-d-munro-war-narrative-18-july-1918-3-march-1919-page-16.txt,https://transcripts.sl.nsw.gov.au/page/item-06-thomas-d-munro-war-narrative-18-july-1918-3-march-1919-page-16
62,item-06-thomas-d-munro-war-narrative-18-july-1918-3-march-1919-page-15.jpg,item-06-thomas-d-munro-war-narrative-18-july-1918-3-march-1919-page-15.txt,https://transcripts.sl.nsw.gov.au/page/item-06-thomas-d-munro-war-narrative-18-july-1918-3-march-1919-page-15
63,item-06-thomas-d-munro-war-narrative-18-july-1918-3-march-1919-page-12.jpg,item-06-thomas-d-munro-war-narrative-18-july-1918-3-march-1919-page-12.txt,https://transcripts.sl.nsw.gov.au/page/item-06-thomas-d-munro-war-narrative-18-july-1918-3-march-1919-page-12
64,item-06-thomas-d-munro-war-narrative-18-july-1918-3-march-1919-page-14.jpg,item-06-thomas-d-munro-war-narrative-18-july-1918-3-march-1919-page-14.txt,https://transcripts.sl.nsw.gov.au/page/item-06-thomas-d-munro-war-narrative-18-july-1918-3-march-1919-page-14
65,item-06-thomas-d-munro-war-narrative-18-july-1918-3-march-1919-page-10.jpg,item-06-thomas-d-munro-war-narrative-18-july-1918-3-march-1919-page-10.txt,https://transcripts.sl.nsw.gov.au/page/item-06-thomas-d-munro-war-narrative-18-july-1918-3-march-1919-page-10
66,item-01-letters-alice-rosa-annie-ferguson-16-august-1914-8-december-1915-page-15.jpg,item-01-letters-alice-rosa-annie-ferguson-16-august-1914-8-december-1915-page-15.txt,https://transcripts.sl.nsw.gov.au/page/item-01-letters-alice-rosa-annie-ferguson-16-august-1914-8-december-1915-page-15
67,item-01-letters-alice-rosa-annie-ferguson-16-august-1914-8-december-1915-page-10.jpg,item-01-letters-alice-rosa-annie-ferguson-16-august-1914-8-december-1915-page-10.txt,https://transcripts.sl.nsw.gov.au/page/item-01-letters-alice-rosa-annie-ferguson-16-august-1914-8-december-1915-page-10
68,item-01-letters-alice-rosa-annie-ferguson-16-august-1914-8-december-1915-page-14.jpg,item-01-letters-alice-rosa-annie-ferguson-16-august-1914-8-december-1915-page-14.txt,https://transcripts.sl.nsw.gov.au/page/item-01-letters-alice-rosa-annie-ferguson-16-august-1914-8-december-1915-page-14
69,item-01-letters-alice-rosa-annie-ferguson-16-august-1914-8-december-1915-page-1.jpg,item-01-letters-alice-rosa-annie-ferguson-16-august-1914-8-december-1915-page-1.txt,https://transcripts.sl.nsw.gov.au/page/item-01-letters-alice-rosa-annie-ferguson-16-august-1914-8-december-1915-page-1
70,item-01-letters-alice-rosa-annie-ferguson-16-august-1914-8-december-1915-page-12.jpg,item-01-letters-alice-rosa-annie-ferguson-16-august-1914-8-december-1915-page-12.txt,https://transcripts.sl.nsw.gov.au/page/item-01-letters-alice-rosa-annie-ferguson-16-august-1914-8-december-1915-page-12
71,item-01-letters-alice-rosa-annie-ferguson-16-august-1914-8-december-1915-page-13.jpg,item-01-letters-alice-rosa-annie-ferguson-16-august-1914-8-december-1915-page-13.txt,https://transcripts.sl.nsw.gov.au/page/item-01-letters-alice-rosa-annie-ferguson-16-august-1914-8-december-1915-page-13
72,box-6-item-06-letters-edith-s-thistlethwaite-her-sister-ethel-jane-thistlethwaite-20-june-9.jpg,box-6-item-06-letters-edith-s-thistlethwaite-her-sister-ethel-jane-thistlethwaite-20-june-9.txt,https://transcripts.sl.nsw.gov.au/page/box-6-item-06-letters-edith-s-thistlethwaite-her-sister-ethel-jane-thistlethwaite-20-june-9
73,box-6-item-06-letters-edith-s-thistlethwaite-her-sister-ethel-jane-thistlethwaite-20-june-13.jpg,box-6-item-06-letters-edith-s-thistlethwaite-her-sister-ethel-jane-thistlethwaite-20-june-13.txt,https://transcripts.sl.nsw.gov.au/page/box-6-item-06-letters-edith-s-thistlethwaite-her-sister-ethel-jane-thistlethwaite-20-june-13
74,box-6-item-06-letters-edith-s-thistlethwaite-her-sister-ethel-jane-thistlethwaite-20-june-12.jpg,box-6-item-06-letters-edith-s-thistlethwaite-her-sister-ethel-jane-thistlethwaite-20-june-12.txt,https://transcripts.sl.nsw.gov.au/page/box-6-item-06-letters-edith-s-thistlethwaite-her-sister-ethel-jane-thistlethwaite-20-june-12
75,box-6-item-06-letters-edith-s-thistlethwaite-her-sister-ethel-jane-thistlethwaite-20-june-11.jpg,box-6-item-06-letters-edith-s-thistlethwaite-her-sister-ethel-jane-thistlethwaite-20-june-11.txt,https://transcripts.sl.nsw.gov.au/page/box-6-item-06-letters-edith-s-thistlethwaite-her-sister-ethel-jane-thistlethwaite-20-june-11
76,box-6-item-06-letters-edith-s-thistlethwaite-her-sister-ethel-jane-thistlethwaite-20-june-1915.jpg,box-6-item-06-letters-edith-s-thistlethwaite-her-sister-ethel-jane-thistlethwaite-20-june-1915.txt,https://transcripts.sl.nsw.gov.au/page/box-6-item-06-letters-edith-s-thistlethwaite-her-sister-ethel-jane-thistlethwaite-20-june-1915
77,box-6-item-06-letters-edith-s-thistlethwaite-her-sister-ethel-jane-thistlethwaite-20-june-10.jpg,box-6-item-06-letters-edith-s-thistlethwaite-her-sister-ethel-jane-thistlethwaite-20-june-10.txt,https://transcripts.sl.nsw.gov.au/page/box-6-item-06-letters-edith-s-thistlethwaite-her-sister-ethel-jane-thistlethwaite-20-june-10
78,part-03-sir-david-gilbert-ferguson-correspondence-12-august-5-september-8-november-31-14.jpg,part-03-sir-david-gilbert-ferguson-correspondence-12-august-5-september-8-november-31-14.txt,https://transcripts.sl.nsw.gov.au/page/part-03-sir-david-gilbert-ferguson-correspondence-12-august-5-september-8-november-31-14
79,part-03-sir-david-gilbert-ferguson-correspondence-12-august-5-september-8-november-31-12.jpg,part-03-sir-david-gilbert-ferguson-correspondence-12-august-5-september-8-november-31-12.txt,https://transcripts.sl.nsw.gov.au/page/part-03-sir-david-gilbert-ferguson-correspondence-12-august-5-september-8-november-31-12
80,part-03-sir-david-gilbert-ferguson-correspondence-12-august-5-september-8-november-31-8.jpg,part-03-sir-david-gilbert-ferguson-correspondence-12-august-5-september-8-november-31-8.txt,https://transcripts.sl.nsw.gov.au/page/part-03-sir-david-gilbert-ferguson-correspondence-12-august-5-september-8-november-31-8
81,part-03-sir-david-gilbert-ferguson-correspondence-12-august-5-september-8-november-31-11.jpg,part-03-sir-david-gilbert-ferguson-correspondence-12-august-5-september-8-november-31-11.txt,https://transcripts.sl.nsw.gov.au/page/part-03-sir-david-gilbert-ferguson-correspondence-12-august-5-september-8-november-31-11
82,part-03-sir-david-gilbert-ferguson-correspondence-12-august-5-september-8-november-31-december.jpg,part-03-sir-david-gilbert-ferguson-correspondence-12-august-5-september-8-november-31-december.txt,https://transcripts.sl.nsw.gov.au/page/part-03-sir-david-gilbert-ferguson-correspondence-12-august-5-september-8-november-31-december
83,part-03-sir-david-gilbert-ferguson-correspondence-12-august-5-september-8-november-31-10.jpg,part-03-sir-david-gilbert-ferguson-correspondence-12-august-5-september-8-november-31-10.txt,https://transcripts.sl.nsw.gov.au/page/part-03-sir-david-gilbert-ferguson-correspondence-12-august-5-september-8-november-31-10
84,bowler-war-diary-21-may-july-1917-william-bill-gordon-bowler-page-11.jpg,bowler-war-diary-21-may-july-1917-william-bill-gordon-bowler-page-11.txt,https://transcripts.sl.nsw.gov.au/page/bowler-war-diary-21-may-july-1917-william-bill-gordon-bowler-page-11
85,bowler-war-diary-21-may-july-1917-william-bill-gordon-bowler-page-16.jpg,bowler-war-diary-21-may-july-1917-william-bill-gordon-bowler-page-16.txt,https://transcripts.sl.nsw.gov.au/page/bowler-war-diary-21-may-july-1917-william-bill-gordon-bowler-page-16
86,bowler-war-diary-21-may-july-1917-william-bill-gordon-bowler-page-17.jpg,bowler-war-diary-21-may-july-1917-william-bill-gordon-bowler-page-17.txt,https://transcripts.sl.nsw.gov.au/page/bowler-war-diary-21-may-july-1917-william-bill-gordon-bowler-page-17
87,bowler-war-diary-21-may-july-1917-william-bill-gordon-bowler-page-13.jpg,bowler-war-diary-21-may-july-1917-william-bill-gordon-bowler-page-13.txt,https://transcripts.sl.nsw.gov.au/page/bowler-war-diary-21-may-july-1917-william-bill-gordon-bowler-page-13
88,bowler-war-diary-21-may-july-1917-william-bill-gordon-bowler-page-15.jpg,bowler-war-diary-21-may-july-1917-william-bill-gordon-bowler-page-15.txt,https://transcripts.sl.nsw.gov.au/page/bowler-war-diary-21-may-july-1917-william-bill-gordon-bowler-page-15
89,bowler-war-diary-21-may-july-1917-william-bill-gordon-bowler-page-10.jpg,bowler-war-diary-21-may-july-1917-william-bill-gordon-bowler-page-10.txt,https://transcripts.sl.nsw.gov.au/page/bowler-war-diary-21-may-july-1917-william-bill-gordon-bowler-page-10
90,item-01-eric-susman-war-diary-1-january-1915-4-april-1916-page-100.jpg,item-01-eric-susman-war-diary-1-january-1915-4-april-1916-page-100.txt,https://transcripts.sl.nsw.gov.au/page/item-01-eric-susman-war-diary-1-january-1915-4-april-1916-page-100
91,item-01-eric-susman-war-diary-1-january-1915-4-april-1916-page-105.jpg,item-01-eric-susman-war-diary-1-january-1915-4-april-1916-page-105.txt,https://transcripts.sl.nsw.gov.au/page/item-01-eric-susman-war-diary-1-january-1915-4-april-1916-page-105
92,item-01-eric-susman-war-diary-1-january-1915-4-april-1916-page-10.jpg,item-01-eric-susman-war-diary-1-january-1915-4-april-1916-page-10.txt,https://transcripts.sl.nsw.gov.au/page/item-01-eric-susman-war-diary-1-january-1915-4-april-1916-page-10
93,item-01-eric-susman-war-diary-1-january-1915-4-april-1916-page-103.jpg,item-01-eric-susman-war-diary-1-january-1915-4-april-1916-page-103.txt,https://transcripts.sl.nsw.gov.au/page/item-01-eric-susman-war-diary-1-january-1915-4-april-1916-page-103
94,item-01-eric-susman-war-diary-1-january-1915-4-april-1916-page-101.jpg,item-01-eric-susman-war-diary-1-january-1915-4-april-1916-page-101.txt,https://transcripts.sl.nsw.gov.au/page/item-01-eric-susman-war-diary-1-january-1915-4-april-1916-page-101
95,item-01-eric-susman-war-diary-1-january-1915-4-april-1916-page-102.jpg,item-01-eric-susman-war-diary-1-january-1915-4-april-1916-page-102.txt,https://transcripts.sl.nsw.gov.au/page/item-01-eric-susman-war-diary-1-january-1915-4-april-1916-page-102
96,item-03-leslie-william-sutherland-order-book-1915-page-15.jpg,item-03-leslie-william-sutherland-order-book-1915-page-15.txt,https://transcripts.sl.nsw.gov.au/page/item-03-leslie-william-sutherland-order-book-1915-page-15
97,item-03-leslie-william-sutherland-order-book-1915-page-11.jpg,item-03-leslie-william-sutherland-order-book-1915-page-11.txt,https://transcripts.sl.nsw.gov.au/page/item-03-leslie-william-sutherland-order-book-1915-page-11
98,item-03-leslie-william-sutherland-order-book-1915-page-10.jpg,item-03-leslie-william-sutherland-order-book-1915-page-10.txt,https://transcripts.sl.nsw.gov.au/page/item-03-leslie-william-sutherland-order-book-1915-page-10
99,item-03-leslie-william-sutherland-order-book-1915-page-12.jpg,item-03-leslie-william-sutherland-order-book-1915-page-12.txt,https://transcripts.sl.nsw.gov.au/page/item-03-leslie-william-sutherland-order-book-1915-page-12
100,item-03-leslie-william-sutherland-order-book-1915-page-16.jpg,item-03-leslie-william-sutherland-order-book-1915-page-16.txt,https://transcripts.sl.nsw.gov.au/page/item-03-leslie-william-sutherland-order-book-1915-page-16
101,item-03-leslie-william-sutherland-order-book-1915-page-13.jpg,item-03-leslie-william-sutherland-order-book-1915-page-13.txt,https://transcripts.sl.nsw.gov.au/page/item-03-leslie-william-sutherland-order-book-1915-page-13
102,item-05-w-j-allsop-diary-1-january-31-december-1917-page-10.jpg,item-05-w-j-allsop-diary-1-january-31-december-1917-page-10.txt,https://transcripts.sl.nsw.gov.au/page/item-05-w-j-allsop-diary-1-january-31-december-1917-page-10
103,item-05-w-j-allsop-diary-1-january-31-december-1917-page-102.jpg,item-05-w-j-allsop-diary-1-january-31-december-1917-page-102.txt,https://transcripts.sl.nsw.gov.au/page/item-05-w-j-allsop-diary-1-january-31-december-1917-page-102
104,item-05-w-j-allsop-diary-1-january-31-december-1917-page-103.jpg,item-05-w-j-allsop-diary-1-january-31-december-1917-page-103.txt,https://transcripts.sl.nsw.gov.au/page/item-05-w-j-allsop-diary-1-january-31-december-1917-page-103
105,item-05-w-j-allsop-diary-1-january-31-december-1917-page-101.jpg,item-05-w-j-allsop-diary-1-january-31-december-1917-page-101.txt,https://transcripts.sl.nsw.gov.au/page/item-05-w-j-allsop-diary-1-january-31-december-1917-page-101
106,item-05-w-j-allsop-diary-1-january-31-december-1917-page-104.jpg,item-05-w-j-allsop-diary-1-january-31-december-1917-page-104.txt,https://transcripts.sl.nsw.gov.au/page/item-05-w-j-allsop-diary-1-january-31-december-1917-page-104
107,item-05-w-j-allsop-diary-1-january-31-december-1917-page-105.jpg,item-05-w-j-allsop-diary-1-january-31-december-1917-page-105.txt,https://transcripts.sl.nsw.gov.au/page/item-05-w-j-allsop-diary-1-january-31-december-1917-page-105
108,item-02-alfred-grinyer-diary-29-january-1917-3-january-1918-page-14.jpg,item-02-alfred-grinyer-diary-29-january-1917-3-january-1918-page-14.txt,https://transcripts.sl.nsw.gov.au/page/item-02-alfred-grinyer-diary-29-january-1917-3-january-1918-page-14
109,item-02-alfred-grinyer-diary-29-january-1917-3-january-1918-page-15.jpg,item-02-alfred-grinyer-diary-29-january-1917-3-january-1918-page-15.txt,https://transcripts.sl.nsw.gov.au/page/item-02-alfred-grinyer-diary-29-january-1917-3-january-1918-page-15
110,item-02-alfred-grinyer-diary-29-january-1917-3-january-1918-page-1.jpg,item-02-alfred-grinyer-diary-29-january-1917-3-january-1918-page-1.txt,https://transcripts.sl.nsw.gov.au/page/item-02-alfred-grinyer-diary-29-january-1917-3-january-1918-page-1
111,item-02-alfred-grinyer-diary-29-january-1917-3-january-1918-page-11.jpg,item-02-alfred-grinyer-diary-29-january-1917-3-january-1918-page-11.txt,https://transcripts.sl.nsw.gov.au/page/item-02-alfred-grinyer-diary-29-january-1917-3-january-1918-page-11
112,item-02-alfred-grinyer-diary-29-january-1917-3-january-1918-page-16.jpg,item-02-alfred-grinyer-diary-29-january-1917-3-january-1918-page-16.txt,https://transcripts.sl.nsw.gov.au/page/item-02-alfred-grinyer-diary-29-january-1917-3-january-1918-page-16
113,item-02-alfred-grinyer-diary-29-january-1917-3-january-1918-page-13.jpg,item-02-alfred-grinyer-diary-29-january-1917-3-january-1918-page-13.txt,https://transcripts.sl.nsw.gov.au/page/item-02-alfred-grinyer-diary-29-january-1917-3-january-1918-page-13
114,item-08-james-brunton-gibb-diary-1-january-15-june-1919-page-101.jpg,item-08-james-brunton-gibb-diary-1-january-15-june-1919-page-101.txt,https://transcripts.sl.nsw.gov.au/page/item-08-james-brunton-gibb-diary-1-january-15-june-1919-page-101
115,item-08-james-brunton-gibb-diary-1-january-15-june-1919-page-105.jpg,item-08-james-brunton-gibb-diary-1-january-15-june-1919-page-105.txt,https://transcripts.sl.nsw.gov.au/page/item-08-james-brunton-gibb-diary-1-january-15-june-1919-page-105
116,item-08-james-brunton-gibb-diary-1-january-15-june-1919-page-102.jpg,item-08-james-brunton-gibb-diary-1-january-15-june-1919-page-102.txt,https://transcripts.sl.nsw.gov.au/page/item-08-james-brunton-gibb-diary-1-january-15-june-1919-page-102
117,item-08-james-brunton-gibb-diary-1-january-15-june-1919-page-104.jpg,item-08-james-brunton-gibb-diary-1-january-15-june-1919-page-104.txt,https://transcripts.sl.nsw.gov.au/page/item-08-james-brunton-gibb-diary-1-january-15-june-1919-page-104
118,item-08-james-brunton-gibb-diary-1-january-15-june-1919-page-100.jpg,item-08-james-brunton-gibb-diary-1-january-15-june-1919-page-100.txt,https://transcripts.sl.nsw.gov.au/page/item-08-james-brunton-gibb-diary-1-january-15-june-1919-page-100
119,fletcher-letters-1914-1919-archie-george-fletcher-page-8.jpg,fletcher-letters-1914-1919-archie-george-fletcher-page-8.txt,https://transcripts.sl.nsw.gov.au/page/fletcher-letters-1914-1919-archie-george-fletcher-page-8
120,fletcher-letters-1914-1919-archie-george-fletcher-page-2.jpg,fletcher-letters-1914-1919-archie-george-fletcher-page-2.txt,https://transcripts.sl.nsw.gov.au/page/fletcher-letters-1914-1919-archie-george-fletcher-page-2
121,fletcher-letters-1914-1919-archie-george-fletcher-page-6.jpg,fletcher-letters-1914-1919-archie-george-fletcher-page-6.txt,https://transcripts.sl.nsw.gov.au/page/fletcher-letters-1914-1919-archie-george-fletcher-page-6
122,fletcher-letters-1914-1919-archie-george-fletcher-page-4.jpg,fletcher-letters-1914-1919-archie-george-fletcher-page-4.txt,https://transcripts.sl.nsw.gov.au/page/fletcher-letters-1914-1919-archie-george-fletcher-page-4
123,fletcher-letters-1914-1919-archie-george-fletcher-page-3.jpg,fletcher-letters-1914-1919-archie-george-fletcher-page-3.txt,https://transcripts.sl.nsw.gov.au/page/fletcher-letters-1914-1919-archie-george-fletcher-page-3
124,fletcher-letters-1914-1919-archie-george-fletcher-page-9.jpg,fletcher-letters-1914-1919-archie-george-fletcher-page-9.txt,https://transcripts.sl.nsw.gov.au/page/fletcher-letters-1914-1919-archie-george-fletcher-page-9
125,item-01-henry-gordon-simpson-letters-1915-1916-page-9.jpg,item-01-henry-gordon-simpson-letters-1915-1916-page-9.txt,https://transcripts.sl.nsw.gov.au/page/item-01-henry-gordon-simpson-letters-1915-1916-page-9
126,item-01-henry-gordon-simpson-letters-1915-1916-page-3.jpg,item-01-henry-gordon-simpson-letters-1915-1916-page-3.txt,https://transcripts.sl.nsw.gov.au/page/item-01-henry-gordon-simpson-letters-1915-1916-page-3
127,item-01-henry-gordon-simpson-letters-1915-1916-page-4.jpg,item-01-henry-gordon-simpson-letters-1915-1916-page-4.txt,https://transcripts.sl.nsw.gov.au/page/item-01-henry-gordon-simpson-letters-1915-1916-page-4
128,item-01-henry-gordon-simpson-letters-1915-1916-page-8.jpg,item-01-henry-gordon-simpson-letters-1915-1916-page-8.txt,https://transcripts.sl.nsw.gov.au/page/item-01-henry-gordon-simpson-letters-1915-1916-page-8
129,item-01-henry-gordon-simpson-letters-1915-1916-page-6.jpg,item-01-henry-gordon-simpson-letters-1915-1916-page-6.txt,https://transcripts.sl.nsw.gov.au/page/item-01-henry-gordon-simpson-letters-1915-1916-page-6
130,item-01-henry-gordon-simpson-letters-1915-1916-page-7.jpg,item-01-henry-gordon-simpson-letters-1915-1916-page-7.txt,https://transcripts.sl.nsw.gov.au/page/item-01-henry-gordon-simpson-letters-1915-1916-page-7
131,letter-ea-crome-mitchell-library-17-june-1963-giving-information-about-horatio-spencer-heaps-2.jpg,letter-ea-crome-mitchell-library-17-june-1963-giving-information-about-horatio-spencer-heaps-2.txt,https://transcripts.sl.nsw.gov.au/page/letter-ea-crome-mitchell-library-17-june-1963-giving-information-about-horatio-spencer-heaps-2
132,letter-ea-crome-mitchell-library-17-june-1963-giving-information-about-horatio-spencer-heaps-0.jpg,letter-ea-crome-mitchell-library-17-june-1963-giving-information-about-horatio-spencer-heaps-0.txt,https://transcripts.sl.nsw.gov.au/page/letter-ea-crome-mitchell-library-17-june-1963-giving-information-about-horatio-spencer-heaps-0
133,letter-ea-crome-mitchell-library-17-june-1963-giving-information-about-horatio-spencer-heaps.jpg,letter-ea-crome-mitchell-library-17-june-1963-giving-information-about-horatio-spencer-heaps.txt,https://transcripts.sl.nsw.gov.au/page/letter-ea-crome-mitchell-library-17-june-1963-giving-information-about-horatio-spencer-heaps
134,letter-ea-crome-mitchell-library-17-june-1963-giving-information-about-horatio-spencer-heaps-1.jpg,letter-ea-crome-mitchell-library-17-june-1963-giving-information-about-horatio-spencer-heaps-1.txt,https://transcripts.sl.nsw.gov.au/page/letter-ea-crome-mitchell-library-17-june-1963-giving-information-about-horatio-spencer-heaps-1
135,series-02-anne-donnell-diary-29-december-1917-31-january-1919-page-101.jpg,series-02-anne-donnell-diary-29-december-1917-31-january-1919-page-101.txt,https://transcripts.sl.nsw.gov.au/page/series-02-anne-donnell-diary-29-december-1917-31-january-1919-page-101
136,series-02-anne-donnell-diary-29-december-1917-31-january-1919-page-105.jpg,series-02-anne-donnell-diary-29-december-1917-31-january-1919-page-105.txt,https://transcripts.sl.nsw.gov.au/page/series-02-anne-donnell-diary-29-december-1917-31-january-1919-page-105
137,series-02-anne-donnell-diary-29-december-1917-31-january-1919-page-102.jpg,series-02-anne-donnell-diary-29-december-1917-31-january-1919-page-102.txt,https://transcripts.sl.nsw.gov.au/page/series-02-anne-donnell-diary-29-december-1917-31-january-1919-page-102
138,series-02-anne-donnell-diary-29-december-1917-31-january-1919-page-103.jpg,series-02-anne-donnell-diary-29-december-1917-31-january-1919-page-103.txt,https://transcripts.sl.nsw.gov.au/page/series-02-anne-donnell-diary-29-december-1917-31-january-1919-page-103
139,series-02-anne-donnell-diary-29-december-1917-31-january-1919-page-100.jpg,series-02-anne-donnell-diary-29-december-1917-31-january-1919-page-100.txt,https://transcripts.sl.nsw.gov.au/page/series-02-anne-donnell-diary-29-december-1917-31-january-1919-page-100
140,series-02-anne-donnell-diary-29-december-1917-31-january-1919-page-104.jpg,series-02-anne-donnell-diary-29-december-1917-31-january-1919-page-104.txt,https://transcripts.sl.nsw.gov.au/page/series-02-anne-donnell-diary-29-december-1917-31-january-1919-page-104
141,ward-diary-30-october-1917-16-january-1918-ernest-henry-ward-page-6.jpg,ward-diary-30-october-1917-16-january-1918-ernest-henry-ward-page-6.txt,https://transcripts.sl.nsw.gov.au/page/ward-diary-30-october-1917-16-january-1918-ernest-henry-ward-page-6
142,ward-diary-30-october-1917-16-january-1918-ernest-henry-ward-page-4.jpg,ward-diary-30-october-1917-16-january-1918-ernest-henry-ward-page-4.txt,https://transcripts.sl.nsw.gov.au/page/ward-diary-30-october-1917-16-january-1918-ernest-henry-ward-page-4
143,ward-diary-30-october-1917-16-january-1918-ernest-henry-ward-page-2.jpg,ward-diary-30-october-1917-16-january-1918-ernest-henry-ward-page-2.txt,https://transcripts.sl.nsw.gov.au/page/ward-diary-30-october-1917-16-january-1918-ernest-henry-ward-page-2
144,ward-diary-30-october-1917-16-january-1918-ernest-henry-ward-page-5.jpg,ward-diary-30-october-1917-16-january-1918-ernest-henry-ward-page-5.txt,https://transcripts.sl.nsw.gov.au/page/ward-diary-30-october-1917-16-january-1918-ernest-henry-ward-page-5
145,ward-diary-30-october-1917-16-january-1918-ernest-henry-ward-page-8.jpg,ward-diary-30-october-1917-16-january-1918-ernest-henry-ward-page-8.txt,https://transcripts.sl.nsw.gov.au/page/ward-diary-30-october-1917-16-january-1918-ernest-henry-ward-page-8
146,ward-diary-30-october-1917-16-january-1918-ernest-henry-ward-page-7.jpg,ward-diary-30-october-1917-16-january-1918-ernest-henry-ward-page-7.txt,https://transcripts.sl.nsw.gov.au/page/ward-diary-30-october-1917-16-january-1918-ernest-henry-ward-page-7
147,item-08-thomas-chudleigh-hawkes-notes-1916-1917-page-8.jpg,item-08-thomas-chudleigh-hawkes-notes-1916-1917-page-8.txt,https://transcripts.sl.nsw.gov.au/page/item-08-thomas-chudleigh-hawkes-notes-1916-1917-page-8
148,item-08-thomas-chudleigh-hawkes-notes-1916-1917-page-4.jpg,item-08-thomas-chudleigh-hawkes-notes-1916-1917-page-4.txt,https://transcripts.sl.nsw.gov.au/page/item-08-thomas-chudleigh-hawkes-notes-1916-1917-page-4
149,item-08-thomas-chudleigh-hawkes-notes-1916-1917-page-6.jpg,item-08-thomas-chudleigh-hawkes-notes-1916-1917-page-6.txt,https://transcripts.sl.nsw.gov.au/page/item-08-thomas-chudleigh-hawkes-notes-1916-1917-page-6
150,item-08-thomas-chudleigh-hawkes-notes-1916-1917-page-3.jpg,item-08-thomas-chudleigh-hawkes-notes-1916-1917-page-3.txt,https://transcripts.sl.nsw.gov.au/page/item-08-thomas-chudleigh-hawkes-notes-1916-1917-page-3
151,keatinge-diary-25-november-1916-13-november-1918-m-b-keatinge-page-7.jpg,keatinge-diary-25-november-1916-13-november-1918-m-b-keatinge-page-7.txt,https://transcripts.sl.nsw.gov.au/page/keatinge-diary-25-november-1916-13-november-1918-m-b-keatinge-page-7
152,keatinge-diary-25-november-1916-13-november-1918-m-b-keatinge-page-8.jpg,keatinge-diary-25-november-1916-13-november-1918-m-b-keatinge-page-8.txt,https://transcripts.sl.nsw.gov.au/page/keatinge-diary-25-november-1916-13-november-1918-m-b-keatinge-page-8
153,keatinge-diary-25-november-1916-13-november-1918-m-b-keatinge-page-5.jpg,keatinge-diary-25-november-1916-13-november-1918-m-b-keatinge-page-5.txt,https://transcripts.sl.nsw.gov.au/page/keatinge-diary-25-november-1916-13-november-1918-m-b-keatinge-page-5
154,keatinge-diary-25-november-1916-13-november-1918-m-b-keatinge-page-6.jpg,keatinge-diary-25-november-1916-13-november-1918-m-b-keatinge-page-6.txt,https://transcripts.sl.nsw.gov.au/page/keatinge-diary-25-november-1916-13-november-1918-m-b-keatinge-page-6
155,keatinge-diary-25-november-1916-13-november-1918-m-b-keatinge-page-3.jpg,keatinge-diary-25-november-1916-13-november-1918-m-b-keatinge-page-3.txt,https://transcripts.sl.nsw.gov.au/page/keatinge-diary-25-november-1916-13-november-1918-m-b-keatinge-page-3
156,keatinge-diary-25-november-1916-13-november-1918-m-b-keatinge-page-4.jpg,keatinge-diary-25-november-1916-13-november-1918-m-b-keatinge-page-4.txt,https://transcripts.sl.nsw.gov.au/page/keatinge-diary-25-november-1916-13-november-1918-m-b-keatinge-page-4
157,macarty-war-diary-20-october-1914-24-july-1916-humphrey-warren-barker-macarty-page-100.jpg,macarty-war-diary-20-october-1914-24-july-1916-humphrey-warren-barker-macarty-page-100.txt,https://transcripts.sl.nsw.gov.au/page/macarty-war-diary-20-october-1914-24-july-1916-humphrey-warren-barker-macarty-page-100
158,macarty-war-diary-20-october-1914-24-july-1916-humphrey-warren-barker-macarty-page-104.jpg,macarty-war-diary-20-october-1914-24-july-1916-humphrey-warren-barker-macarty-page-104.txt,https://transcripts.sl.nsw.gov.au/page/macarty-war-diary-20-october-1914-24-july-1916-humphrey-warren-barker-macarty-page-104
159,item-16-frank-w-bungardy-internment-camp-papers-1916-page-16.jpg,item-16-frank-w-bungardy-internment-camp-papers-1916-page-16.txt,https://transcripts.sl.nsw.gov.au/page/item-16-frank-w-bungardy-internment-camp-papers-1916-page-16
160,item-16-frank-w-bungardy-internment-camp-papers-1916-page-10.jpg,item-16-frank-w-bungardy-internment-camp-papers-1916-page-10.txt,https://transcripts.sl.nsw.gov.au/page/item-16-frank-w-bungardy-internment-camp-papers-1916-page-10
161,item-16-frank-w-bungardy-internment-camp-papers-1916-page-12.jpg,item-16-frank-w-bungardy-internment-camp-papers-1916-page-12.txt,https://transcripts.sl.nsw.gov.au/page/item-16-frank-w-bungardy-internment-camp-papers-1916-page-12
162,item-16-frank-w-bungardy-internment-camp-papers-1916-page-15.jpg,item-16-frank-w-bungardy-internment-camp-papers-1916-page-15.txt,https://transcripts.sl.nsw.gov.au/page/item-16-frank-w-bungardy-internment-camp-papers-1916-page-15
163,item-16-frank-w-bungardy-internment-camp-papers-1916-page-1.jpg,item-16-frank-w-bungardy-internment-camp-papers-1916-page-1.txt,https://transcripts.sl.nsw.gov.au/page/item-16-frank-w-bungardy-internment-camp-papers-1916-page-1
164,item-16-frank-w-bungardy-internment-camp-papers-1916-page-13.jpg,item-16-frank-w-bungardy-internment-camp-papers-1916-page-13.txt,https://transcripts.sl.nsw.gov.au/page/item-16-frank-w-bungardy-internment-camp-papers-1916-page-13
165,item-06-t-darchy-war-narrative-16-june-1917-20-august-1918-page-101.jpg,item-06-t-darchy-war-narrative-16-june-1917-20-august-1918-page-101.txt,https://transcripts.sl.nsw.gov.au/page/item-06-t-darchy-war-narrative-16-june-1917-20-august-1918-page-101
166,item-06-t-darchy-war-narrative-16-june-1917-20-august-1918-page-104.jpg,item-06-t-darchy-war-narrative-16-june-1917-20-august-1918-page-104.txt,https://transcripts.sl.nsw.gov.au/page/item-06-t-darchy-war-narrative-16-june-1917-20-august-1918-page-104
167,item-06-t-darchy-war-narrative-16-june-1917-20-august-1918-page-102.jpg,item-06-t-darchy-war-narrative-16-june-1917-20-august-1918-page-102.txt,https://transcripts.sl.nsw.gov.au/page/item-06-t-darchy-war-narrative-16-june-1917-20-august-1918-page-102
168,item-06-t-darchy-war-narrative-16-june-1917-20-august-1918-page-106.jpg,item-06-t-darchy-war-narrative-16-june-1917-20-august-1918-page-106.txt,https://transcripts.sl.nsw.gov.au/page/item-06-t-darchy-war-narrative-16-june-1917-20-august-1918-page-106
169,item-06-t-darchy-war-narrative-16-june-1917-20-august-1918-page-103.jpg,item-06-t-darchy-war-narrative-16-june-1917-20-august-1918-page-103.txt,https://transcripts.sl.nsw.gov.au/page/item-06-t-darchy-war-narrative-16-june-1917-20-august-1918-page-103
170,item-06-t-darchy-war-narrative-16-june-1917-20-august-1918-page-10.jpg,item-06-t-darchy-war-narrative-16-june-1917-20-august-1918-page-10.txt,https://transcripts.sl.nsw.gov.au/page/item-06-t-darchy-war-narrative-16-june-1917-20-august-1918-page-10
171,item-01-birth-certificates-robert-christian-wilson-1896-1930-page-2.jpg,item-01-birth-certificates-robert-christian-wilson-1896-1930-page-2.txt,https://transcripts.sl.nsw.gov.au/page/item-01-birth-certificates-robert-christian-wilson-1896-1930-page-2
172,item-01-birth-certificates-robert-christian-wilson-1896-1930-page-4.jpg,item-01-birth-certificates-robert-christian-wilson-1896-1930-page-4.txt,https://transcripts.sl.nsw.gov.au/page/item-01-birth-certificates-robert-christian-wilson-1896-1930-page-4
173,item-01-birth-certificates-robert-christian-wilson-1896-1930-page-3.jpg,item-01-birth-certificates-robert-christian-wilson-1896-1930-page-3.txt,https://transcripts.sl.nsw.gov.au/page/item-01-birth-certificates-robert-christian-wilson-1896-1930-page-3
174,item-01-birth-certificates-robert-christian-wilson-1896-1930-page-1.jpg,item-01-birth-certificates-robert-christian-wilson-1896-1930-page-1.txt,https://transcripts.sl.nsw.gov.au/page/item-01-birth-certificates-robert-christian-wilson-1896-1930-page-1
175,item-04-geoffrey-forrest-hughes-diary-1917-page-101.jpg,item-04-geoffrey-forrest-hughes-diary-1917-page-101.txt,https://transcripts.sl.nsw.gov.au/page/item-04-geoffrey-forrest-hughes-diary-1917-page-101
176,item-04-geoffrey-forrest-hughes-diary-1917-page-103.jpg,item-04-geoffrey-forrest-hughes-diary-1917-page-103.txt,https://transcripts.sl.nsw.gov.au/page/item-04-geoffrey-forrest-hughes-diary-1917-page-103
177,item-04-geoffrey-forrest-hughes-diary-1917-page-100.jpg,item-04-geoffrey-forrest-hughes-diary-1917-page-100.txt,https://transcripts.sl.nsw.gov.au/page/item-04-geoffrey-forrest-hughes-diary-1917-page-100
178,item-04-geoffrey-forrest-hughes-diary-1917-page-105.jpg,item-04-geoffrey-forrest-hughes-diary-1917-page-105.txt,https://transcripts.sl.nsw.gov.au/page/item-04-geoffrey-forrest-hughes-diary-1917-page-105
179,item-04-geoffrey-forrest-hughes-diary-1917-page-102.jpg,item-04-geoffrey-forrest-hughes-diary-1917-page-102.txt,https://transcripts.sl.nsw.gov.au/page/item-04-geoffrey-forrest-hughes-diary-1917-page-102
180,gordon-war-narrative-ca-1914-1917-alexander-dundas-gordon-page-7.jpg,gordon-war-narrative-ca-1914-1917-alexander-dundas-gordon-page-7.txt,https://transcripts.sl.nsw.gov.au/page/gordon-war-narrative-ca-1914-1917-alexander-dundas-gordon-page-7
181,gordon-war-narrative-ca-1914-1917-alexander-dundas-gordon-page-5.jpg,gordon-war-narrative-ca-1914-1917-alexander-dundas-gordon-page-5.txt,https://transcripts.sl.nsw.gov.au/page/gordon-war-narrative-ca-1914-1917-alexander-dundas-gordon-page-5
182,gordon-war-narrative-ca-1914-1917-alexander-dundas-gordon-page-6.jpg,gordon-war-narrative-ca-1914-1917-alexander-dundas-gordon-page-6.txt,https://transcripts.sl.nsw.gov.au/page/gordon-war-narrative-ca-1914-1917-alexander-dundas-gordon-page-6
183,gordon-war-narrative-ca-1914-1917-alexander-dundas-gordon-page-2.jpg,gordon-war-narrative-ca-1914-1917-alexander-dundas-gordon-page-2.txt,https://transcripts.sl.nsw.gov.au/page/gordon-war-narrative-ca-1914-1917-alexander-dundas-gordon-page-2
184,gordon-war-narrative-ca-1914-1917-alexander-dundas-gordon-page-8.jpg,gordon-war-narrative-ca-1914-1917-alexander-dundas-gordon-page-8.txt,https://transcripts.sl.nsw.gov.au/page/gordon-war-narrative-ca-1914-1917-alexander-dundas-gordon-page-8
185,gordon-war-narrative-ca-1914-1917-alexander-dundas-gordon-page-3.jpg,gordon-war-narrative-ca-1914-1917-alexander-dundas-gordon-page-3.txt,https://transcripts.sl.nsw.gov.au/page/gordon-war-narrative-ca-1914-1917-alexander-dundas-gordon-page-3
186,brooks-war-diary-23-october-1916-19-november-1918-j-brooks-page-12.jpg,brooks-war-diary-23-october-1916-19-november-1918-j-brooks-page-12.txt,https://transcripts.sl.nsw.gov.au/page/brooks-war-diary-23-october-1916-19-november-1918-j-brooks-page-12
187,brooks-war-diary-23-october-1916-19-november-1918-j-brooks-page-10.jpg,brooks-war-diary-23-october-1916-19-november-1918-j-brooks-page-10.txt,https://transcripts.sl.nsw.gov.au/page/brooks-war-diary-23-october-1916-19-november-1918-j-brooks-page-10
188,brooks-war-diary-23-october-1916-19-november-1918-j-brooks-page-13.jpg,brooks-war-diary-23-october-1916-19-november-1918-j-brooks-page-13.txt,https://transcripts.sl.nsw.gov.au/page/brooks-war-diary-23-october-1916-19-november-1918-j-brooks-page-13
189,brooks-war-diary-23-october-1916-19-november-1918-j-brooks-page-15.jpg,brooks-war-diary-23-october-1916-19-november-1918-j-brooks-page-15.txt,https://transcripts.sl.nsw.gov.au/page/brooks-war-diary-23-october-1916-19-november-1918-j-brooks-page-15
190,brooks-war-diary-23-october-1916-19-november-1918-j-brooks-page-16.jpg,brooks-war-diary-23-october-1916-19-november-1918-j-brooks-page-16.txt,https://transcripts.sl.nsw.gov.au/page/brooks-war-diary-23-october-1916-19-november-1918-j-brooks-page-16
191,brooks-war-diary-23-october-1916-19-november-1918-j-brooks-page-14.jpg,brooks-war-diary-23-october-1916-19-november-1918-j-brooks-page-14.txt,https://transcripts.sl.nsw.gov.au/page/brooks-war-diary-23-october-1916-19-november-1918-j-brooks-page-14
192,item-08-bertie-macnamara-letter-1916-page-2.jpg,item-08-bertie-macnamara-letter-1916-page-2.txt,https://transcripts.sl.nsw.gov.au/page/item-08-bertie-macnamara-letter-1916-page-2
193,item-08-bertie-macnamara-letter-1916-page-3.jpg,item-08-bertie-macnamara-letter-1916-page-3.txt,https://transcripts.sl.nsw.gov.au/page/item-08-bertie-macnamara-letter-1916-page-3
194,item-08-bertie-macnamara-letter-1916-page-4.jpg,item-08-bertie-macnamara-letter-1916-page-4.txt,https://transcripts.sl.nsw.gov.au/page/item-08-bertie-macnamara-letter-1916-page-4
195,item-08-bertie-macnamara-letter-1916-page-1.jpg,item-08-bertie-macnamara-letter-1916-page-1.txt,https://transcripts.sl.nsw.gov.au/page/item-08-bertie-macnamara-letter-1916-page-1
196,item-02-donald-e-macdonald-diary-18-december-1915-6-january-1916-page-9.jpg,item-02-donald-e-macdonald-diary-18-december-1915-6-january-1916-page-9.txt,https://transcripts.sl.nsw.gov.au/page/item-02-donald-e-macdonald-diary-18-december-1915-6-january-1916-page-9
197,item-02-donald-e-macdonald-diary-18-december-1915-6-january-1916-page-4.jpg,item-02-donald-e-macdonald-diary-18-december-1915-6-january-1916-page-4.txt,https://transcripts.sl.nsw.gov.au/page/item-02-donald-e-macdonald-diary-18-december-1915-6-january-1916-page-4
198,item-02-donald-e-macdonald-diary-18-december-1915-6-january-1916-page-3.jpg,item-02-donald-e-macdonald-diary-18-december-1915-6-january-1916-page-3.txt,https://transcripts.sl.nsw.gov.au/page/item-02-donald-e-macdonald-diary-18-december-1915-6-january-1916-page-3
199,item-02-donald-e-macdonald-diary-18-december-1915-6-january-1916-page-7.jpg,item-02-donald-e-macdonald-diary-18-december-1915-6-january-1916-page-7.txt,https://transcripts.sl.nsw.gov.au/page/item-02-donald-e-macdonald-diary-18-december-1915-6-january-1916-page-7
200,item-02-donald-e-macdonald-diary-18-december-1915-6-january-1916-page-8.jpg,item-02-donald-e-macdonald-diary-18-december-1915-6-january-1916-page-8.txt,https://transcripts.sl.nsw.gov.au/page/item-02-donald-e-macdonald-diary-18-december-1915-6-january-1916-page-8
201,item-02-donald-e-macdonald-diary-18-december-1915-6-january-1916-page-5.jpg,item-02-donald-e-macdonald-diary-18-december-1915-6-january-1916-page-5.txt,https://transcripts.sl.nsw.gov.au/page/item-02-donald-e-macdonald-diary-18-december-1915-6-january-1916-page-5
202,roy-richards-war-diary-and-letters-4-march-1915-17-november-1916-page-105.jpg,roy-richards-war-diary-and-letters-4-march-1915-17-november-1916-page-105.txt,https://transcripts.sl.nsw.gov.au/page/roy-richards-war-diary-and-letters-4-march-1915-17-november-1916-page-105
203,roy-richards-war-diary-and-letters-4-march-1915-17-november-1916-page-103.jpg,roy-richards-war-diary-and-letters-4-march-1915-17-november-1916-page-103.txt,https://transcripts.sl.nsw.gov.au/page/roy-richards-war-diary-and-letters-4-march-1915-17-november-1916-page-103
204,roy-richards-war-diary-and-letters-4-march-1915-17-november-1916-page-106.jpg,roy-richards-war-diary-and-letters-4-march-1915-17-november-1916-page-106.txt,https://transcripts.sl.nsw.gov.au/page/roy-richards-war-diary-and-letters-4-march-1915-17-november-1916-page-106
205,roy-richards-war-diary-and-letters-4-march-1915-17-november-1916-page-101.jpg,roy-richards-war-diary-and-letters-4-march-1915-17-november-1916-page-101.txt,https://transcripts.sl.nsw.gov.au/page/roy-richards-war-diary-and-letters-4-march-1915-17-november-1916-page-101
206,roy-richards-war-diary-and-letters-4-march-1915-17-november-1916-page-104.jpg,roy-richards-war-diary-and-letters-4-march-1915-17-november-1916-page-104.txt,https://transcripts.sl.nsw.gov.au/page/roy-richards-war-diary-and-letters-4-march-1915-17-november-1916-page-104
207,roy-richards-war-diary-and-letters-4-march-1915-17-november-1916-page-10.jpg,roy-richards-war-diary-and-letters-4-march-1915-17-november-1916-page-10.txt,https://transcripts.sl.nsw.gov.au/page/roy-richards-war-diary-and-letters-4-march-1915-17-november-1916-page-10
208,bleackley-log-hmas-australia-1914-1916-hubert-bleackley-page-105.jpg,bleackley-log-hmas-australia-1914-1916-hubert-bleackley-page-105.txt,https://transcripts.sl.nsw.gov.au/page/bleackley-log-hmas-australia-1914-1916-hubert-bleackley-page-105
209,bleackley-log-hmas-australia-1914-1916-hubert-bleackley-page-102.jpg,bleackley-log-hmas-australia-1914-1916-hubert-bleackley-page-102.txt,https://transcripts.sl.nsw.gov.au/page/bleackley-log-hmas-australia-1914-1916-hubert-bleackley-page-102
210,bleackley-log-hmas-australia-1914-1916-hubert-bleackley-page-103.jpg,bleackley-log-hmas-australia-1914-1916-hubert-bleackley-page-103.txt,https://transcripts.sl.nsw.gov.au/page/bleackley-log-hmas-australia-1914-1916-hubert-bleackley-page-103
211,bleackley-log-hmas-australia-1914-1916-hubert-bleackley-page-104.jpg,bleackley-log-hmas-australia-1914-1916-hubert-bleackley-page-104.txt,https://transcripts.sl.nsw.gov.au/page/bleackley-log-hmas-australia-1914-1916-hubert-bleackley-page-104
212,bleackley-log-hmas-australia-1914-1916-hubert-bleackley-page-100.jpg,bleackley-log-hmas-australia-1914-1916-hubert-bleackley-page-100.txt,https://transcripts.sl.nsw.gov.au/page/bleackley-log-hmas-australia-1914-1916-hubert-bleackley-page-100
213,bleackley-log-hmas-australia-1914-1916-hubert-bleackley-page-101.jpg,bleackley-log-hmas-australia-1914-1916-hubert-bleackley-page-101.txt,https://transcripts.sl.nsw.gov.au/page/bleackley-log-hmas-australia-1914-1916-hubert-bleackley-page-101
214,marsh-letter-diary-14-january-2-march-1917-henry-james-marsh-page-11.jpg,marsh-letter-diary-14-january-2-march-1917-henry-james-marsh-page-11.txt,https://transcripts.sl.nsw.gov.au/page/marsh-letter-diary-14-january-2-march-1917-henry-james-marsh-page-11
215,marsh-letter-diary-14-january-2-march-1917-henry-james-marsh-page-16.jpg,marsh-letter-diary-14-january-2-march-1917-henry-james-marsh-page-16.txt,https://transcripts.sl.nsw.gov.au/page/marsh-letter-diary-14-january-2-march-1917-henry-james-marsh-page-16
216,marsh-letter-diary-14-january-2-march-1917-henry-james-marsh-page-15.jpg,marsh-letter-diary-14-january-2-march-1917-henry-james-marsh-page-15.txt,https://transcripts.sl.nsw.gov.au/page/marsh-letter-diary-14-january-2-march-1917-henry-james-marsh-page-15
217,marsh-letter-diary-14-january-2-march-1917-henry-james-marsh-page-13.jpg,marsh-letter-diary-14-january-2-march-1917-henry-james-marsh-page-13.txt,https://transcripts.sl.nsw.gov.au/page/marsh-letter-diary-14-january-2-march-1917-henry-james-marsh-page-13
218,marsh-letter-diary-14-january-2-march-1917-henry-james-marsh-page-12.jpg,marsh-letter-diary-14-january-2-march-1917-henry-james-marsh-page-12.txt,https://transcripts.sl.nsw.gov.au/page/marsh-letter-diary-14-january-2-march-1917-henry-james-marsh-page-12
219,marsh-letter-diary-14-january-2-march-1917-henry-james-marsh-page-1.jpg,marsh-letter-diary-14-january-2-march-1917-henry-james-marsh-page-1.txt,https://transcripts.sl.nsw.gov.au/page/marsh-letter-diary-14-january-2-march-1917-henry-james-marsh-page-1
220,mckay-diary-5-august-1916-24-may-1919-leslie-james-mckay-page-12.jpg,mckay-diary-5-august-1916-24-may-1919-leslie-james-mckay-page-12.txt,https://transcripts.sl.nsw.gov.au/page/mckay-diary-5-august-1916-24-may-1919-leslie-james-mckay-page-12
221,mckay-diary-5-august-1916-24-may-1919-leslie-james-mckay-page-1.jpg,mckay-diary-5-august-1916-24-may-1919-leslie-james-mckay-page-1.txt,https://transcripts.sl.nsw.gov.au/page/mckay-diary-5-august-1916-24-may-1919-leslie-james-mckay-page-1
222,mckay-diary-5-august-1916-24-may-1919-leslie-james-mckay-page-15.jpg,mckay-diary-5-august-1916-24-may-1919-leslie-james-mckay-page-15.txt,https://transcripts.sl.nsw.gov.au/page/mckay-diary-5-august-1916-24-may-1919-leslie-james-mckay-page-15
223,mckay-diary-5-august-1916-24-may-1919-leslie-james-mckay-page-11.jpg,mckay-diary-5-august-1916-24-may-1919-leslie-james-mckay-page-11.txt,https://transcripts.sl.nsw.gov.au/page/mckay-diary-5-august-1916-24-may-1919-leslie-james-mckay-page-11
224,mckay-diary-5-august-1916-24-may-1919-leslie-james-mckay-page-10.jpg,mckay-diary-5-august-1916-24-may-1919-leslie-james-mckay-page-10.txt,https://transcripts.sl.nsw.gov.au/page/mckay-diary-5-august-1916-24-may-1919-leslie-james-mckay-page-10
225,mckay-diary-5-august-1916-24-may-1919-leslie-james-mckay-page-14.jpg,mckay-diary-5-august-1916-24-may-1919-leslie-james-mckay-page-14.txt,https://transcripts.sl.nsw.gov.au/page/mckay-diary-5-august-1916-24-may-1919-leslie-james-mckay-page-14
226,giles-papers-9-may-1914-13-may-1919-arthur-clyde-giles-page-105.jpg,giles-papers-9-may-1914-13-may-1919-arthur-clyde-giles-page-105.txt,https://transcripts.sl.nsw.gov.au/page/giles-papers-9-may-1914-13-may-1919-arthur-clyde-giles-page-105
227,giles-papers-9-may-1914-13-may-1919-arthur-clyde-giles-page-103.jpg,giles-papers-9-may-1914-13-may-1919-arthur-clyde-giles-page-103.txt,https://transcripts.sl.nsw.gov.au/page/giles-papers-9-may-1914-13-may-1919-arthur-clyde-giles-page-103
228,giles-papers-9-may-1914-13-may-1919-arthur-clyde-giles-page-100.jpg,giles-papers-9-may-1914-13-may-1919-arthur-clyde-giles-page-100.txt,https://transcripts.sl.nsw.gov.au/page/giles-papers-9-may-1914-13-may-1919-arthur-clyde-giles-page-100
229,giles-papers-9-may-1914-13-may-1919-arthur-clyde-giles-page-104.jpg,giles-papers-9-may-1914-13-may-1919-arthur-clyde-giles-page-104.txt,https://transcripts.sl.nsw.gov.au/page/giles-papers-9-may-1914-13-may-1919-arthur-clyde-giles-page-104
230,giles-papers-9-may-1914-13-may-1919-arthur-clyde-giles-page-106.jpg,giles-papers-9-may-1914-13-may-1919-arthur-clyde-giles-page-106.txt,https://transcripts.sl.nsw.gov.au/page/giles-papers-9-may-1914-13-may-1919-arthur-clyde-giles-page-106
231,giles-papers-9-may-1914-13-may-1919-arthur-clyde-giles-page-101.jpg,giles-papers-9-may-1914-13-may-1919-arthur-clyde-giles-page-101.txt,https://transcripts.sl.nsw.gov.au/page/giles-papers-9-may-1914-13-may-1919-arthur-clyde-giles-page-101
232,item-02-hector-brewer-diary-19-june-1915-25-december-1916-page-16.jpg,item-02-hector-brewer-diary-19-june-1915-25-december-1916-page-16.txt,https://transcripts.sl.nsw.gov.au/page/item-02-hector-brewer-diary-19-june-1915-25-december-1916-page-16
233,item-02-hector-brewer-diary-19-june-1915-25-december-1916-page-13.jpg,item-02-hector-brewer-diary-19-june-1915-25-december-1916-page-13.txt,https://transcripts.sl.nsw.gov.au/page/item-02-hector-brewer-diary-19-june-1915-25-december-1916-page-13
234,item-02-hector-brewer-diary-19-june-1915-25-december-1916-page-15.jpg,item-02-hector-brewer-diary-19-june-1915-25-december-1916-page-15.txt,https://transcripts.sl.nsw.gov.au/page/item-02-hector-brewer-diary-19-june-1915-25-december-1916-page-15
235,item-02-hector-brewer-diary-19-june-1915-25-december-1916-page-17.jpg,item-02-hector-brewer-diary-19-june-1915-25-december-1916-page-17.txt,https://transcripts.sl.nsw.gov.au/page/item-02-hector-brewer-diary-19-june-1915-25-december-1916-page-17
236,item-02-hector-brewer-diary-19-june-1915-25-december-1916-page-14.jpg,item-02-hector-brewer-diary-19-june-1915-25-december-1916-page-14.txt,https://transcripts.sl.nsw.gov.au/page/item-02-hector-brewer-diary-19-june-1915-25-december-1916-page-14
237,item-02-hector-brewer-diary-19-june-1915-25-december-1916-page-10.jpg,item-02-hector-brewer-diary-19-june-1915-25-december-1916-page-10.txt,https://transcripts.sl.nsw.gov.au/page/item-02-hector-brewer-diary-19-june-1915-25-december-1916-page-10
238,item-03-cecil-george-monk-narrative-11-nov-1916-12-nov-1919-page-16.jpg,item-03-cecil-george-monk-narrative-11-nov-1916-12-nov-1919-page-16.txt,https://transcripts.sl.nsw.gov.au/page/item-03-cecil-george-monk-narrative-11-nov-1916-12-nov-1919-page-16
239,item-03-cecil-george-monk-narrative-11-nov-1916-12-nov-1919-page-15.jpg,item-03-cecil-george-monk-narrative-11-nov-1916-12-nov-1919-page-15.txt,https://transcripts.sl.nsw.gov.au/page/item-03-cecil-george-monk-narrative-11-nov-1916-12-nov-1919-page-15
240,item-03-cecil-george-monk-narrative-11-nov-1916-12-nov-1919-page-10.jpg,item-03-cecil-george-monk-narrative-11-nov-1916-12-nov-1919-page-10.txt,https://transcripts.sl.nsw.gov.au/page/item-03-cecil-george-monk-narrative-11-nov-1916-12-nov-1919-page-10
241,item-03-cecil-george-monk-narrative-11-nov-1916-12-nov-1919-page-11.jpg,item-03-cecil-george-monk-narrative-11-nov-1916-12-nov-1919-page-11.txt,https://transcripts.sl.nsw.gov.au/page/item-03-cecil-george-monk-narrative-11-nov-1916-12-nov-1919-page-11
242,item-03-cecil-george-monk-narrative-11-nov-1916-12-nov-1919-page-14.jpg,item-03-cecil-george-monk-narrative-11-nov-1916-12-nov-1919-page-14.txt,https://transcripts.sl.nsw.gov.au/page/item-03-cecil-george-monk-narrative-11-nov-1916-12-nov-1919-page-14
243,item-03-cecil-george-monk-narrative-11-nov-1916-12-nov-1919-page-13.jpg,item-03-cecil-george-monk-narrative-11-nov-1916-12-nov-1919-page-13.txt,https://transcripts.sl.nsw.gov.au/page/item-03-cecil-george-monk-narrative-11-nov-1916-12-nov-1919-page-13
244,item-02-james-brunton-gibb-diary-14-january-1916-19-july-1916-page-15.jpg,item-02-james-brunton-gibb-diary-14-january-1916-19-july-1916-page-15.txt,https://transcripts.sl.nsw.gov.au/page/item-02-james-brunton-gibb-diary-14-january-1916-19-july-1916-page-15
245,item-02-james-brunton-gibb-diary-14-january-1916-19-july-1916-page-16.jpg,item-02-james-brunton-gibb-diary-14-january-1916-19-july-1916-page-16.txt,https://transcripts.sl.nsw.gov.au/page/item-02-james-brunton-gibb-diary-14-january-1916-19-july-1916-page-16
246,item-02-james-brunton-gibb-diary-14-january-1916-19-july-1916-page-14.jpg,item-02-james-brunton-gibb-diary-14-january-1916-19-july-1916-page-14.txt,https://transcripts.sl.nsw.gov.au/page/item-02-james-brunton-gibb-diary-14-january-1916-19-july-1916-page-14
247,item-02-james-brunton-gibb-diary-14-january-1916-19-july-1916-page-12.jpg,item-02-james-brunton-gibb-diary-14-january-1916-19-july-1916-page-12.txt,https://transcripts.sl.nsw.gov.au/page/item-02-james-brunton-gibb-diary-14-january-1916-19-july-1916-page-12
248,item-02-james-brunton-gibb-diary-14-january-1916-19-july-1916-page-10.jpg,item-02-james-brunton-gibb-diary-14-january-1916-19-july-1916-page-10.txt,https://transcripts.sl.nsw.gov.au/page/item-02-james-brunton-gibb-diary-14-january-1916-19-july-1916-page-10
249,item-02-james-brunton-gibb-diary-14-january-1916-19-july-1916-page-13.jpg,item-02-james-brunton-gibb-diary-14-january-1916-19-july-1916-page-13.txt,https://transcripts.sl.nsw.gov.au/page/item-02-james-brunton-gibb-diary-14-january-1916-19-july-1916-page-13
250,item-03-robert-james-drummond-correspondence-and-miscellaneous-papers-28-september-1918-9-15.jpg,item-03-robert-james-drummond-correspondence-and-miscellaneous-papers-28-september-1918-9-15.txt,https://transcripts.sl.nsw.gov.au/page/item-03-robert-james-drummond-correspondence-and-miscellaneous-papers-28-september-1918-9-15
251,item-03-robert-james-drummond-correspondence-and-miscellaneous-papers-28-september-1918-9-17.jpg,item-03-robert-james-drummond-correspondence-and-miscellaneous-papers-28-september-1918-9-17.txt,https://transcripts.sl.nsw.gov.au/page/item-03-robert-james-drummond-correspondence-and-miscellaneous-papers-28-september-1918-9-17
252,item-03-robert-james-drummond-correspondence-and-miscellaneous-papers-28-september-1918-9-10.jpg,item-03-robert-james-drummond-correspondence-and-miscellaneous-papers-28-september-1918-9-10.txt,https://transcripts.sl.nsw.gov.au/page/item-03-robert-james-drummond-correspondence-and-miscellaneous-papers-28-september-1918-9-10
253,item-03-robert-james-drummond-correspondence-and-miscellaneous-papers-28-september-1918-9-12.jpg,item-03-robert-james-drummond-correspondence-and-miscellaneous-papers-28-september-1918-9-12.txt,https://transcripts.sl.nsw.gov.au/page/item-03-robert-james-drummond-correspondence-and-miscellaneous-papers-28-september-1918-9-12
254,item-03-robert-james-drummond-correspondence-and-miscellaneous-papers-28-september-1918-9-14.jpg,item-03-robert-james-drummond-correspondence-and-miscellaneous-papers-28-september-1918-9-14.txt,https://transcripts.sl.nsw.gov.au/page/item-03-robert-james-drummond-correspondence-and-miscellaneous-papers-28-september-1918-9-14
255,item-05-john-duncan-mcrae-papers-20-march-1917-27-september-1917-page-4.jpg,item-05-john-duncan-mcrae-papers-20-march-1917-27-september-1917-page-4.txt,https://transcripts.sl.nsw.gov.au/page/item-05-john-duncan-mcrae-papers-20-march-1917-27-september-1917-page-4
256,item-05-john-duncan-mcrae-papers-20-march-1917-27-september-1917-page-3.jpg,item-05-john-duncan-mcrae-papers-20-march-1917-27-september-1917-page-3.txt,https://transcripts.sl.nsw.gov.au/page/item-05-john-duncan-mcrae-papers-20-march-1917-27-september-1917-page-3
257,item-05-john-duncan-mcrae-papers-20-march-1917-27-september-1917-page-6.jpg,item-05-john-duncan-mcrae-papers-20-march-1917-27-september-1917-page-6.txt,https://transcripts.sl.nsw.gov.au/page/item-05-john-duncan-mcrae-papers-20-march-1917-27-september-1917-page-6
258,item-05-john-duncan-mcrae-papers-20-march-1917-27-september-1917-page-2.jpg,item-05-john-duncan-mcrae-papers-20-march-1917-27-september-1917-page-2.txt,https://transcripts.sl.nsw.gov.au/page/item-05-john-duncan-mcrae-papers-20-march-1917-27-september-1917-page-2
259,item-05-john-duncan-mcrae-papers-20-march-1917-27-september-1917-page-8.jpg,item-05-john-duncan-mcrae-papers-20-march-1917-27-september-1917-page-8.txt,https://transcripts.sl.nsw.gov.au/page/item-05-john-duncan-mcrae-papers-20-march-1917-27-september-1917-page-8
260,item-05-john-duncan-mcrae-papers-20-march-1917-27-september-1917-page-5.jpg,item-05-john-duncan-mcrae-papers-20-march-1917-27-september-1917-page-5.txt,https://transcripts.sl.nsw.gov.au/page/item-05-john-duncan-mcrae-papers-20-march-1917-27-september-1917-page-5
261,geoffrey-bell-hughes-diary-1-january-1916-31-december-1916-page-104.jpg,geoffrey-bell-hughes-diary-1-january-1916-31-december-1916-page-104.txt,https://transcripts.sl.nsw.gov.au/page/geoffrey-bell-hughes-diary-1-january-1916-31-december-1916-page-104
262,geoffrey-bell-hughes-diary-1-january-1916-31-december-1916-page-103.jpg,geoffrey-bell-hughes-diary-1-january-1916-31-december-1916-page-103.txt,https://transcripts.sl.nsw.gov.au/page/geoffrey-bell-hughes-diary-1-january-1916-31-december-1916-page-103
263,geoffrey-bell-hughes-diary-1-january-1916-31-december-1916-page-100.jpg,geoffrey-bell-hughes-diary-1-january-1916-31-december-1916-page-100.txt,https://transcripts.sl.nsw.gov.au/page/geoffrey-bell-hughes-diary-1-january-1916-31-december-1916-page-100
264,geoffrey-bell-hughes-diary-1-january-1916-31-december-1916-page-101.jpg,geoffrey-bell-hughes-diary-1-january-1916-31-december-1916-page-101.txt,https://transcripts.sl.nsw.gov.au/page/geoffrey-bell-hughes-diary-1-january-1916-31-december-1916-page-101
265,geoffrey-bell-hughes-diary-1-january-1916-31-december-1916-page-102.jpg,geoffrey-bell-hughes-diary-1-january-1916-31-december-1916-page-102.txt,https://transcripts.sl.nsw.gov.au/page/geoffrey-bell-hughes-diary-1-january-1916-31-december-1916-page-102
266,geoffrey-bell-hughes-diary-1-january-1916-31-december-1916-page-105.jpg,geoffrey-bell-hughes-diary-1-january-1916-31-december-1916-page-105.txt,https://transcripts.sl.nsw.gov.au/page/geoffrey-bell-hughes-diary-1-january-1916-31-december-1916-page-105
267,item-02-george-thomasson-gill-diary-7-october-1917-15-february-1919-page-14.jpg,item-02-george-thomasson-gill-diary-7-october-1917-15-february-1919-page-14.txt,https://transcripts.sl.nsw.gov.au/page/item-02-george-thomasson-gill-diary-7-october-1917-15-february-1919-page-14
268,item-02-george-thomasson-gill-diary-7-october-1917-15-february-1919-page-16.jpg,item-02-george-thomasson-gill-diary-7-october-1917-15-february-1919-page-16.txt,https://transcripts.sl.nsw.gov.au/page/item-02-george-thomasson-gill-diary-7-october-1917-15-february-1919-page-16
269,item-02-george-thomasson-gill-diary-7-october-1917-15-february-1919-page-12.jpg,item-02-george-thomasson-gill-diary-7-october-1917-15-february-1919-page-12.txt,https://transcripts.sl.nsw.gov.au/page/item-02-george-thomasson-gill-diary-7-october-1917-15-february-1919-page-12
270,item-02-george-thomasson-gill-diary-7-october-1917-15-february-1919-page-10.jpg,item-02-george-thomasson-gill-diary-7-october-1917-15-february-1919-page-10.txt,https://transcripts.sl.nsw.gov.au/page/item-02-george-thomasson-gill-diary-7-october-1917-15-february-1919-page-10
271,item-02-george-thomasson-gill-diary-7-october-1917-15-february-1919-page-13.jpg,item-02-george-thomasson-gill-diary-7-october-1917-15-february-1919-page-13.txt,https://transcripts.sl.nsw.gov.au/page/item-02-george-thomasson-gill-diary-7-october-1917-15-february-1919-page-13
272,item-02-george-thomasson-gill-diary-7-october-1917-15-february-1919-page-15.jpg,item-02-george-thomasson-gill-diary-7-october-1917-15-february-1919-page-15.txt,https://transcripts.sl.nsw.gov.au/page/item-02-george-thomasson-gill-diary-7-october-1917-15-february-1919-page-15
273,item-04-george-edward-edmondson-diary-13-july-1917-29-march-1918-page-4.jpg,item-04-george-edward-edmondson-diary-13-july-1917-29-march-1918-page-4.txt,https://transcripts.sl.nsw.gov.au/page/item-04-george-edward-edmondson-diary-13-july-1917-29-march-1918-page-4
274,item-04-george-edward-edmondson-diary-13-july-1917-29-march-1918-page-8.jpg,item-04-george-edward-edmondson-diary-13-july-1917-29-march-1918-page-8.txt,https://transcripts.sl.nsw.gov.au/page/item-04-george-edward-edmondson-diary-13-july-1917-29-march-1918-page-8
275,item-04-george-edward-edmondson-diary-13-july-1917-29-march-1918-page-3.jpg,item-04-george-edward-edmondson-diary-13-july-1917-29-march-1918-page-3.txt,https://transcripts.sl.nsw.gov.au/page/item-04-george-edward-edmondson-diary-13-july-1917-29-march-1918-page-3
276,item-04-george-edward-edmondson-diary-13-july-1917-29-march-1918-page-9.jpg,item-04-george-edward-edmondson-diary-13-july-1917-29-march-1918-page-9.txt,https://transcripts.sl.nsw.gov.au/page/item-04-george-edward-edmondson-diary-13-july-1917-29-march-1918-page-9
277,item-04-george-edward-edmondson-diary-13-july-1917-29-march-1918-page-7.jpg,item-04-george-edward-edmondson-diary-13-july-1917-29-march-1918-page-7.txt,https://transcripts.sl.nsw.gov.au/page/item-04-george-edward-edmondson-diary-13-july-1917-29-march-1918-page-7
278,item-04-george-edward-edmondson-diary-13-july-1917-29-march-1918-page-6.jpg,item-04-george-edward-edmondson-diary-13-july-1917-29-march-1918-page-6.txt,https://transcripts.sl.nsw.gov.au/page/item-04-george-edward-edmondson-diary-13-july-1917-29-march-1918-page-6
279,alexander-diary-1917-1918-roy-alexander-page-104.jpg,alexander-diary-1917-1918-roy-alexander-page-104.txt,https://transcripts.sl.nsw.gov.au/page/alexander-diary-1917-1918-roy-alexander-page-104
280,alexander-diary-1917-1918-roy-alexander-page-10.jpg,alexander-diary-1917-1918-roy-alexander-page-10.txt,https://transcripts.sl.nsw.gov.au/page/alexander-diary-1917-1918-roy-alexander-page-10
281,alexander-diary-1917-1918-roy-alexander-page-105.jpg,alexander-diary-1917-1918-roy-alexander-page-105.txt,https://transcripts.sl.nsw.gov.au/page/alexander-diary-1917-1918-roy-alexander-page-105
282,alexander-diary-1917-1918-roy-alexander-page-106.jpg,alexander-diary-1917-1918-roy-alexander-page-106.txt,https://transcripts.sl.nsw.gov.au/page/alexander-diary-1917-1918-roy-alexander-page-106
283,alexander-diary-1917-1918-roy-alexander-page-100.jpg,alexander-diary-1917-1918-roy-alexander-page-100.txt,https://transcripts.sl.nsw.gov.au/page/alexander-diary-1917-1918-roy-alexander-page-100
284,alexander-diary-1917-1918-roy-alexander-page-102.jpg,alexander-diary-1917-1918-roy-alexander-page-102.txt,https://transcripts.sl.nsw.gov.au/page/alexander-diary-1917-1918-roy-alexander-page-102
285,item-03-walter-lawry-waterhouse-diary-4-april-1916-19-november-1916-page-102.jpg,item-03-walter-lawry-waterhouse-diary-4-april-1916-19-november-1916-page-102.txt,https://transcripts.sl.nsw.gov.au/page/item-03-walter-lawry-waterhouse-diary-4-april-1916-19-november-1916-page-102
286,item-03-walter-lawry-waterhouse-diary-4-april-1916-19-november-1916-page-104.jpg,item-03-walter-lawry-waterhouse-diary-4-april-1916-19-november-1916-page-104.txt,https://transcripts.sl.nsw.gov.au/page/item-03-walter-lawry-waterhouse-diary-4-april-1916-19-november-1916-page-104
287,item-03-walter-lawry-waterhouse-diary-4-april-1916-19-november-1916-page-100.jpg,item-03-walter-lawry-waterhouse-diary-4-april-1916-19-november-1916-page-100.txt,https://transcripts.sl.nsw.gov.au/page/item-03-walter-lawry-waterhouse-diary-4-april-1916-19-november-1916-page-100
288,item-03-walter-lawry-waterhouse-diary-4-april-1916-19-november-1916-page-103.jpg,item-03-walter-lawry-waterhouse-diary-4-april-1916-19-november-1916-page-103.txt,https://transcripts.sl.nsw.gov.au/page/item-03-walter-lawry-waterhouse-diary-4-april-1916-19-november-1916-page-103
289,item-03-walter-lawry-waterhouse-diary-4-april-1916-19-november-1916-page-105.jpg,item-03-walter-lawry-waterhouse-diary-4-april-1916-19-november-1916-page-105.txt,https://transcripts.sl.nsw.gov.au/page/item-03-walter-lawry-waterhouse-diary-4-april-1916-19-november-1916-page-105
290,item-03-walter-lawry-waterhouse-diary-4-april-1916-19-november-1916-page-101.jpg,item-03-walter-lawry-waterhouse-diary-4-april-1916-19-november-1916-page-101.txt,https://transcripts.sl.nsw.gov.au/page/item-03-walter-lawry-waterhouse-diary-4-april-1916-19-november-1916-page-101
291,samuel-jabez-richards-diary-and-letters-his-wife-1-january-13-july-1915-page-13.jpg,samuel-jabez-richards-diary-and-letters-his-wife-1-january-13-july-1915-page-13.txt,https://transcripts.sl.nsw.gov.au/page/samuel-jabez-richards-diary-and-letters-his-wife-1-january-13-july-1915-page-13
292,samuel-jabez-richards-diary-and-letters-his-wife-1-january-13-july-1915-page-15.jpg,samuel-jabez-richards-diary-and-letters-his-wife-1-january-13-july-1915-page-15.txt,https://transcripts.sl.nsw.gov.au/page/samuel-jabez-richards-diary-and-letters-his-wife-1-january-13-july-1915-page-15
293,samuel-jabez-richards-diary-and-letters-his-wife-1-january-13-july-1915-page-11.jpg,samuel-jabez-richards-diary-and-letters-his-wife-1-january-13-july-1915-page-11.txt,https://transcripts.sl.nsw.gov.au/page/samuel-jabez-richards-diary-and-letters-his-wife-1-january-13-july-1915-page-11
294,samuel-jabez-richards-diary-and-letters-his-wife-1-january-13-july-1915-page-16.jpg,samuel-jabez-richards-diary-and-letters-his-wife-1-january-13-july-1915-page-16.txt,https://transcripts.sl.nsw.gov.au/page/samuel-jabez-richards-diary-and-letters-his-wife-1-january-13-july-1915-page-16
295,samuel-jabez-richards-diary-and-letters-his-wife-1-january-13-july-1915-page-10.jpg,samuel-jabez-richards-diary-and-letters-his-wife-1-january-13-july-1915-page-10.txt,https://transcripts.sl.nsw.gov.au/page/samuel-jabez-richards-diary-and-letters-his-wife-1-january-13-july-1915-page-10
296,samuel-jabez-richards-diary-and-letters-his-wife-1-january-13-july-1915-page-12.jpg,samuel-jabez-richards-diary-and-letters-his-wife-1-january-13-july-1915-page-12.txt,https://transcripts.sl.nsw.gov.au/page/samuel-jabez-richards-diary-and-letters-his-wife-1-january-13-july-1915-page-12
297,item-04-e-j-martin-diary-25-october-1916-3-february-1917-page-13.jpg,item-04-e-j-martin-diary-25-october-1916-3-february-1917-page-13.txt,https://transcripts.sl.nsw.gov.au/page/item-04-e-j-martin-diary-25-october-1916-3-february-1917-page-13
298,item-04-e-j-martin-diary-25-october-1916-3-february-1917-page-12.jpg,item-04-e-j-martin-diary-25-october-1916-3-february-1917-page-12.txt,https://transcripts.sl.nsw.gov.au/page/item-04-e-j-martin-diary-25-october-1916-3-february-1917-page-12
299,item-04-e-j-martin-diary-25-october-1916-3-february-1917-page-10.jpg,item-04-e-j-martin-diary-25-october-1916-3-february-1917-page-10.txt,https://transcripts.sl.nsw.gov.au/page/item-04-e-j-martin-diary-25-october-1916-3-february-1917-page-10
300,item-04-e-j-martin-diary-25-october-1916-3-february-1917-page-11.jpg,item-04-e-j-martin-diary-25-october-1916-3-february-1917-page-11.txt,https://transcripts.sl.nsw.gov.au/page/item-04-e-j-martin-diary-25-october-1916-3-february-1917-page-11
301,item-04-e-j-martin-diary-25-october-1916-3-february-1917-page-16.jpg,item-04-e-j-martin-diary-25-october-1916-3-february-1917-page-16.txt,https://transcripts.sl.nsw.gov.au/page/item-04-e-j-martin-diary-25-october-1916-3-february-1917-page-16
302,item-01-eric-clarke-war-diary-17-november-1915-19-may-1916-page-106.jpg,item-01-eric-clarke-war-diary-17-november-1915-19-may-1916-page-106.txt,https://transcripts.sl.nsw.gov.au/page/item-01-eric-clarke-war-diary-17-november-1915-19-may-1916-page-106
303,item-01-eric-clarke-war-diary-17-november-1915-19-may-1916-page-100.jpg,item-01-eric-clarke-war-diary-17-november-1915-19-may-1916-page-100.txt,https://transcripts.sl.nsw.gov.au/page/item-01-eric-clarke-war-diary-17-november-1915-19-may-1916-page-100
304,item-01-eric-clarke-war-diary-17-november-1915-19-may-1916-page-104.jpg,item-01-eric-clarke-war-diary-17-november-1915-19-may-1916-page-104.txt,https://transcripts.sl.nsw.gov.au/page/item-01-eric-clarke-war-diary-17-november-1915-19-may-1916-page-104
305,item-01-eric-clarke-war-diary-17-november-1915-19-may-1916-page-10.jpg,item-01-eric-clarke-war-diary-17-november-1915-19-may-1916-page-10.txt,https://transcripts.sl.nsw.gov.au/page/item-01-eric-clarke-war-diary-17-november-1915-19-may-1916-page-10
306,item-01-eric-clarke-war-diary-17-november-1915-19-may-1916-page-101.jpg,item-01-eric-clarke-war-diary-17-november-1915-19-may-1916-page-101.txt,https://transcripts.sl.nsw.gov.au/page/item-01-eric-clarke-war-diary-17-november-1915-19-may-1916-page-101
307,item-01-eric-clarke-war-diary-17-november-1915-19-may-1916-page-102.jpg,item-01-eric-clarke-war-diary-17-november-1915-19-may-1916-page-102.txt,https://transcripts.sl.nsw.gov.au/page/item-01-eric-clarke-war-diary-17-november-1915-19-may-1916-page-102
308,item-02-charles-hargreaves-diary-6-february-1916-23-march-1918-page-101.jpg,item-02-charles-hargreaves-diary-6-february-1916-23-march-1918-page-101.txt,https://transcripts.sl.nsw.gov.au/page/item-02-charles-hargreaves-diary-6-february-1916-23-march-1918-page-101
309,item-02-charles-hargreaves-diary-6-february-1916-23-march-1918-page-102.jpg,item-02-charles-hargreaves-diary-6-february-1916-23-march-1918-page-102.txt,https://transcripts.sl.nsw.gov.au/page/item-02-charles-hargreaves-diary-6-february-1916-23-march-1918-page-102
310,item-02-charles-hargreaves-diary-6-february-1916-23-march-1918-page-10.jpg,item-02-charles-hargreaves-diary-6-february-1916-23-march-1918-page-10.txt,https://transcripts.sl.nsw.gov.au/page/item-02-charles-hargreaves-diary-6-february-1916-23-march-1918-page-10
311,item-02-charles-hargreaves-diary-6-february-1916-23-march-1918-page-100.jpg,item-02-charles-hargreaves-diary-6-february-1916-23-march-1918-page-100.txt,https://transcripts.sl.nsw.gov.au/page/item-02-charles-hargreaves-diary-6-february-1916-23-march-1918-page-100
312,item-02-charles-hargreaves-diary-6-february-1916-23-march-1918-page-103.jpg,item-02-charles-hargreaves-diary-6-february-1916-23-march-1918-page-103.txt,https://transcripts.sl.nsw.gov.au/page/item-02-charles-hargreaves-diary-6-february-1916-23-march-1918-page-103
313,series-02-francis-brewer-war-narrative-20-june-1917-16-april-1919-page-10.jpg,series-02-francis-brewer-war-narrative-20-june-1917-16-april-1919-page-10.txt,https://transcripts.sl.nsw.gov.au/page/series-02-francis-brewer-war-narrative-20-june-1917-16-april-1919-page-10
314,series-02-francis-brewer-war-narrative-20-june-1917-16-april-1919-page-100.jpg,series-02-francis-brewer-war-narrative-20-june-1917-16-april-1919-page-100.txt,https://transcripts.sl.nsw.gov.au/page/series-02-francis-brewer-war-narrative-20-june-1917-16-april-1919-page-100
315,series-02-francis-brewer-war-narrative-20-june-1917-16-april-1919-page-37.jpg,series-02-francis-brewer-war-narrative-20-june-1917-16-april-1919-page-37.txt,https://transcripts.sl.nsw.gov.au/page/series-02-francis-brewer-war-narrative-20-june-1917-16-april-1919-page-37
316,series-02-francis-brewer-war-narrative-20-june-1917-16-april-1919-page-104.jpg,series-02-francis-brewer-war-narrative-20-june-1917-16-april-1919-page-104.txt,https://transcripts.sl.nsw.gov.au/page/series-02-francis-brewer-war-narrative-20-june-1917-16-april-1919-page-104
